uid,ISI.median,age,asymmetry,frequency,half_width,latency,location,n_spikes,organoid,repo_duration,rise
VT007_066B,0.03456667,3.958079861111111,0.026569068867782538,1.17106831,0.46296309974433353,2.2333333333333334,,2555,DLX_Cheriff,1.2296716520543238,0.20007912837600608
VT007_065C,0.08433333,3.958079861111111,0.04604364563406891,0.3162572,0.2511747128582364,0.8666666666666667,,690,DLX_Cheriff,1.8817039403620872,0.06044879020158831
VT007_049D,0.1005,3.958079861111111,0.03761987022974291,1.11927547,0.2409219025385956,1.3,,2442,DLX_Cheriff,1.977837959828481,0.12893922523341766
VT000_028B,2.90706667,2.01870987654321,0.09692642787996128,0.07043057,0.363609153338755,0.9666666666666667,,55,DLX_Cheriff,2.4460648148148145,0.8011879892945049
VT000_010C,0.45858333,2.01870987654321,0.028350630333385224,0.52886953,0.293253866804618,1.1333333333333333,,413,DLX_Cheriff,2.0668970814132104,0.2604100625896291
VT000_016D,0.4104,2.01870987654321,0.09407944032155585,1.51745859,0.3546397230566749,1.5666666666666667,,1185,DLX_Cheriff,2.167164729754658,0.4278585861999531
VT000_019D,0.39228333,2.01870987654321,0.013952890058214219,0.69790289,0.2702953656312123,2.7333333333333334,,545,DLX_Cheriff,0.35814249363867723,0.5256066868074387
VT000_024D,0.26426667,2.01870987654321,0.10002551979104787,0.82851958,0.28496325508221526,1.7666666666666666,,647,DLX_Cheriff,2.1465319865319863,0.3530360046744124
VT009_001A,11.31218333,2.5872812499999998,0.05453349011719532,0.0429727,0.28462332489899417,1.0666666666666667,,45,DLX_Cheriff,0.9530000000000001,0.17893672325114263
VT009_005B,0.55733333,2.5872812499999998,0.02189704515211725,0.40776315,0.46743850943289805,2.966666666666667,,427,DLX_Cheriff,0.0,0.31016172804333736
VT006_002A,0.10523333,3.5593533950617284,0.11378892685329463,0.13220143,0.320266277968373,1.0666666666666667,,299,DLX_Cheriff,1.8965125709651256,0.4416585469598554
VT006_020A,0.3293,3.5593533950617284,0.2239340424066759,0.17508951,0.4140730156940388,1.0666666666666667,,396,DLX_Cheriff,2.4564372044140828,0.15957206409574146
VT006_010B,19.90666667,3.5593533950617284,0.3584181511191879,0.04421452,0.26492815229465805,0.5333333333333333,,100,DLX_Cheriff,2.50506329113924,0.12057716293707632
VT006_014C,0.0169,3.5593533950617284,0.023952263124070526,0.13220143,0.3859082257326719,1.2,,299,DLX_Cheriff,1.7609266943291837,0.18504045723640275
VT006_016C,0.35853333,3.5593533950617284,0.042026776128079334,0.10036697,0.37811277386970965,2.5,,227,DLX_Cheriff,0.39893048128342246,0.2700198269208741
VT006_019D,19.97988333,3.5593533950617284,0.029640467489701908,0.0694168,0.29113469348720356,1.3,,157,DLX_Cheriff,2.222857142857143,0.38369149120135093
VT004_102B,0.1689,3.185432098765432,0.08198907141604916,0.06962568,0.610045427266513,1.6666666666666667,,177,DLX_Cheriff,1.5217012858555885,0.17163339628137492
VT004_157C,0.15605,3.185432098765432,0.05624529958170993,0.06726549,0.25680601483676874,1.0,,171,DLX_Cheriff,2.1403558052434457,0.26796173564317344
VT004_177D,19.99826667,3.185432098765432,-0.0047058233519170455,0.04799058,0.27976404920277603,0.7666666666666666,,122,DLX_Cheriff,0.0,0.1397943221994396
VT014_000A,1.79656667,4.786514274691358,0.09839662654146952,0.13100468,0.3173777617777025,1.2666666666666666,,206,DLX_Cheriff,1.8997056659308313,0.1670401540200809
VT014_001A,0.1534,4.786514274691358,0.13761055490947477,1.42197311,0.24611304442074436,1.3333333333333333,,2236,DLX_Cheriff,2.3096832172545496,0.09067067857116745
VT014_015C,0.53993333,4.786514274691358,0.23013036843758866,0.23529966,0.3845289044721601,1.1666666666666667,,370,DLX_Cheriff,2.175695216907675,0.1301143182991448
VT014_008E,0.36481667,4.786514274691358,0.26570699223513544,0.33005547,0.3092225629757171,1.1,,519,DLX_Cheriff,2.3356566634398193,0.16892221122540838
VT014_009E,11.90666667,4.786514274691358,0.16497509928765053,0.02925347,0.3050305399937751,0.9666666666666667,,46,DLX_Cheriff,1.9445589919816726,0.16138868205510046
VT014_011F,0.46906667,4.786514274691358,0.2598838136823448,0.27600015,0.4131162974309009,1.2,,434,DLX_Cheriff,2.2581142656852435,0.18427967185105487
VT014_013F,0.08218333,4.786514274691358,0.12179189844281306,0.7497792,0.25570666362850336,1.3,,1179,DLX_Cheriff,2.1529040404040405,0.2694948184661508
VT017_023C,0.1008,6.891873070987654,0.012762985202949433,0.81678027,0.5229843822048037,2.1333333333333333,,1227,DLX_Cheriff,0.3533947772657451,0.7612527421117591
VT002_000A,0.47493333,2.3498873456790124,0.028616181316214243,0.2077099,0.34001609813643796,1.5333333333333332,,462,DLX_Cheriff,1.9304618329743959,0.37899841658065536
VT002_001A,4.76163333,2.3498873456790124,0.06629778955237418,0.0665391,0.35970765018125067,1.3,,148,DLX_Cheriff,0.7452380952380954,0.4549841400016559
VT002_026A,0.61525,2.3498873456790124,0.1959100847971899,0.48420685,0.3237384956504975,0.9666666666666667,,1077,DLX_Cheriff,2.510592414690283,0.332128490982659
VT002_004A,0.1592,2.3498873456790124,0.012425744130250296,0.42261322,0.3425129413843301,2.8666666666666667,,940,DLX_Cheriff,0.5867955521859992,0.12379752394444475
VT002_013B,0.3916,2.3498873456790124,0.05460923773432848,0.15735599,0.423990218672283,1.4333333333333333,,350,DLX_Cheriff,2.163838612368024,0.14147426943314798
VT002_028B,0.14458333,2.3498873456790124,0.056949268808608275,0.15241051,0.31722454596427335,1.3333333333333333,,339,DLX_Cheriff,1.063543897216274,0.09894846928126408
VT002_029B,0.3517,2.3498873456790124,0.05050840659555216,0.48150932,0.3050537591940262,1.0666666666666667,,1071,DLX_Cheriff,0.644930817610063,0.19191063056104363
VT002_023D,3.38771667,2.3498873456790124,0.06121227251754439,0.05979528,0.22892831198679364,0.43333333333333335,,133,DLX_Cheriff,1.8675062601266754,0.09385903176104099
VT002_024D,0.3469,2.3498873456790124,0.122947202968788,0.26031176,0.39629691754082214,0.8666666666666667,,579,DLX_Cheriff,2.210012154360377,0.15419491693102264
VT003_018A,1.02893333,2.5520744598765432,0.27912195520013056,0.27908104,0.42148236505178216,1.3333333333333333,,326,DLX_Cheriff,2.241679197994987,0.5695188468532576
VT003_007B,0.41625,2.5520744598765432,0.2303552883917066,0.64120154,0.44423389485899845,1.5,,749,DLX_Cheriff,2.3833174754202346,0.42992387861406295
VT003_009C,0.29931667,2.5520744598765432,0.17561747224525734,0.13269191,0.39759939318457804,1.3666666666666667,,155,DLX_Cheriff,1.9706708268330733,0.34780453845888054
VT003_011C,0.17933333,2.5520744598765432,0.07861719507836831,0.21230705,0.37835220133116704,1.4333333333333333,,248,DLX_Cheriff,2.207942131679953,0.30233012085279704
VT003_013D,0.0508,2.5520744598765432,0.07080043955927,0.29449043,0.2675872642484409,1.7,,344,DLX_Cheriff,1.9599160945842868,0.24607155648970314
VT011_001B,17.70323333,4.320403935185185,0.0748939616548731,0.03356567,0.16559700359076193,1.0666666666666667,,62,DLX_Cheriff,1.5090290661719228,0.07422362049206346
VT011_002B,0.12821667,4.320403935185185,0.05244086674880004,0.05467956,0.15632326946920425,1.1333333333333333,,101,DLX_Cheriff,2.0465674110835397,0.07573457774442668
VT018_043A,0.22913333,6.894185570987655,0.06561029138879788,0.13032756,0.518582926785056,2.5,,167,DLX_Cheriff,0.7932351336606658,0.5690639137825009
VT005_001B,0.1471,3.3607966820987656,0.1125326110594312,1.24411486,0.34159103193708257,0.8,,858,DLX_Cheriff,2.4829612629529176,0.13548204571017072
VT005_012D,3.21411667,3.3607966820987656,0.28086710650329877,0.03625043,0.2672112742566147,0.7666666666666666,,25,DLX_Cheriff,2.2108562691131497,0.14648752109207214
VT005_013D,0.12261667,3.3607966820987656,0.01693105518235705,0.30885369,0.30825417303404734,2.466666666666667,,213,DLX_Cheriff,0.6,0.3884940231164059
VT010_004A,0.58325,4.252786651234568,0.1427889215108715,0.7722947,0.10988660371514243,0.3333333333333333,,963,DLX_Cheriff,1.6837623480665433,0.05532585592471311
VT001CNQX_014A,1.23823333,2.2192376543209873,0.10242848994536524,0.21724491,0.2676127681966193,1.0666666666666667,,458,DLX_Cheriff,2.336366700370745,0.23940905525951972
VT001CNQX_084B,0.03231667,2.2192376543209873,0.14649143997645456,0.3628654,0.3735297876107372,1.9,,765,DLX_Cheriff,1.7794294294294293,0.29721365509983333
VT001_014A,0.2353,2.2192376543209873,0.18921189971197314,0.19796579,0.2915547710806701,1.2,,72,DLX_Cheriff,2.4875621890547266,0.4526694272415632
VT001_003A,0.08866667,2.2192376543209873,0.031043309182840404,0.20346484,0.377312466744024,1.8,,74,DLX_Cheriff,0.9801120448179271,0.11904217075688024
VT001_005A,1.9439,2.2192376543209873,0.12878821848836391,0.32169441,0.23104887349494424,1.3,,117,DLX_Cheriff,1.950337381916329,0.30085412601778216
VT001_006A,14.15146667,2.2192376543209873,0.14703532181429194,0.08248575,0.39265708308024566,1.4,,30,DLX_Cheriff,2.175295508274232,0.24821936956378038
VT001_009C,0.20026667,2.2192376543209873,0.042685687772864744,0.12097909,0.26824259206046885,2.9,,44,DLX_Cheriff,0.13938393839383897,0.14094162480660632
VT008_001A,0.0182,4.224503858024692,0.05738463807549791,0.53100487,0.23284676560449166,0.8,,926,DLX_Cheriff,1.4579424640400247,0.052356141092547166
VT008_015A,0.0897,4.224503858024692,0.13701704850066118,0.20987882,0.3568147766611801,1.6666666666666667,,366,DLX_Cheriff,2.008962739174219,0.10659045602204695
VT008_003B,0.3216,4.224503858024692,0.11466132588242998,0.09289718,0.2876565216256575,1.5666666666666667,,162,DLX_Cheriff,1.8421333333333332,0.2509920766946384
VT008_011D,2.36853333,4.224503858024692,0.07850466440272809,0.35725274,0.21327582642193643,0.8666666666666667,,623,DLX_Cheriff,1.2304614206394793,0.05809618021456491
VT017e2r2_020F,0.20365,6.891873070987654,0.011607750052516,1.13784843,0.16215674129075333,1.9333333333333333,,209,DLX_Cheriff,1.1568702290076336,0.22985145256742973
VT013_012B,0.15326667,4.449882330246913,0.1027298634164563,0.04738121,0.20633239531329792,0.9,,62,DLX_Cheriff,1.5583011583011583,0.072166037664757
VT013_016B,0.0532,4.449882330246913,0.2549634091198698,1.81806306,0.3426010778810555,1.2666666666666666,,2379,DLX_Cheriff,2.3508235948803557,0.062133967683387206
VT013_023C,0.20235,4.449882330246913,0.07157076724356558,0.2560114,0.29156997232636,1.0333333333333332,,335,DLX_Cheriff,2.017130345182895,0.10964703799849738
VT013_034C,0.22583333,4.449882330246913,0.05378343236412221,0.28810835,0.3367483076963779,1.1666666666666667,,377,DLX_Cheriff,2.052252747252747,0.0913348260055443
VT013_048C,0.25886667,4.449882330246913,0.04486624909160121,0.06725076,0.43927444053563247,2.7333333333333334,,88,DLX_Cheriff,0.1309880239520955,0.17755178596417592
FS003_055B,19.84573333,3.7592986111111113,0.310259094254436,0.0697657,0.3082470417194344,1.0,,122,DLX_bluered,2.388268156424581,0.2780301676643139
FS003_113C,0.04686667,3.7592986111111113,0.5116293917103222,0.22416519,0.3533698157750964,0.7,,392,DLX_bluered,2.680308148148148,0.31803691254677063
FS003_124D,19.74976667,3.7592986111111113,0.4262473446971659,0.05089465,0.3438042950960508,0.9333333333333333,,89,DLX_bluered,2.477491961414791,0.40865395238049634
FS003_250D,0.0421,3.7592986111111113,0.25852272128514736,0.39457648,0.2715233064312765,1.2333333333333334,,690,DLX_bluered,2.5009596293845133,0.11124452738364331
FS003_252E,0.1235,3.7592986111111113,0.3389439650048736,0.15211209,0.4354427881352739,1.1,,266,DLX_bluered,2.4659693165969316,0.2134500579355129
FS002_012B,0.0588,3.225105324074074,0.3052613950664772,0.15850678,0.19854035234855966,0.6333333333333333,,286,DLX_bluered,2.648598241862675,0.2578269275173305
FS001_007C,19.75295,2.8868560956790126,0.28428870472858664,0.0829574,0.21642648320291305,0.6,,53,DLX_bluered,2.69308076821889,0.11139794207245188
FS001_008C,0.16055,2.8868560956790126,0.3143161705933203,0.74348612,0.19602832768240763,0.7,,475,DLX_bluered,2.6892775839761542,0.10757060100433122
FS001_011C,0.17798333,2.8868560956790126,0.4906852598322257,0.12052301,0.2747560895703309,0.9666666666666667,,77,DLX_bluered,2.0228456913827655,0.2105593542260209
FS005_000B,1.87686667,4.062175540123457,0.1747748694998828,0.1121443,0.24969239081743688,0.8333333333333334,,136,DLX_bluered,2.473834965865242,0.07884828632538259
FS005_001B,0.35366667,4.062175540123457,0.414225429637331,0.02226394,0.29403613803736045,0.9,,27,DLX_bluered,2.6035509736540665,0.24936726491509398
FS005_002C,0.66223333,4.062175540123457,0.39841522512266137,0.04452789,0.2503017501029144,0.5333333333333333,,54,DLX_bluered,2.7430064708810353,0.47504316484055426
FSH013_010C,0.68523333,9.751099151234568,-1.0398335343893406,0.18307616,0.1293289151783218,0.16666666666666666,,488,DLX_H9,0.819638617323911,0.14454269661810906
FSH012_067B,0.18136667,8.854090663580248,-0.9965210938475979,1.31477691,0.16836121023026393,0.23333333333333334,,862,DLX_H9,0.7832222062655151,0.14933544682003302
FSH012_057D,6.19705,8.854090663580248,-0.9685216503398322,0.05948527,0.10865067795136767,0.13333333333333333,,39,DLX_H9,1.4028326281147157,0.10695535881417015
FSH003_009B,0.06398333,4.793624228395061,-0.6141262936017056,0.16486902,0.12024816353364684,0.16666666666666666,,307,DLX_H9,0.6311886464351827,0.10989587917210528
FSH003_014B,0.0592,4.793624228395061,-0.8921716694984583,0.07840676,0.1191113087100696,0.13333333333333333,,146,DLX_H9,0.6661536206391089,0.1638307642691077
FSH003_016B,0.24515,4.793624228395061,-0.6359368212126405,0.16916528,0.12886064814804973,0.16666666666666666,,315,DLX_H9,0.7353970417284638,0.14872357184254265
FSH003_027D,0.0647,4.793624228395061,-0.6438245487574282,0.06927721,0.13938267081197656,0.2,,129,DLX_H9,0.8139361290095415,0.13290717585579845
TC026_029B,0.0445,3.7559988425925925,0.051981870815874916,1.95382589,0.31675327941815706,2.1666666666666665,,3531,TSCp5_32s,1.292542626943976,0.6142095813889701
TC026_041B,15.09163333,3.7559988425925925,0.11196669736850502,0.06529353,0.40455075005819646,1.3333333333333333,,118,TSCp5_32s,2.471626733921816,0.3083440912349379
TC026_044B,21.54046667,3.7559988425925925,0.20826518070841762,0.02102673,0.2865688468018485,1.1666666666666667,,38,TSCp5_32s,2.3952005259697566,0.20520417492248483
TC026_045B,0.25326667,3.7559988425925925,0.1287683661201843,0.17817387,0.3613364065036535,1.3666666666666667,,322,TSCp5_32s,1.8087635689700823,0.43942320546922176
TC026_080C,0.12755,3.7559988425925925,0.1605317704238439,0.09019361,0.42345596079301184,0.9333333333333333,,163,TSCp5_32s,1.4993902439024391,0.21511664491377946
TC026_047C,0.12493333,3.7559988425925925,0.029944247800560295,0.17651387,0.3883396754832925,2.8666666666666667,,319,TSCp5_32s,0.19542168674698815,0.18846154904349366
TC026_088C,0.1368,3.7559988425925925,0.12188637585253516,0.17153385,0.41205489411531127,1.1666666666666667,,310,TSCp5_32s,1.7893189964157703,0.3613488256650908
TC019_001A,7.9116,8.521093364197531,0.007138445927259799,0.06957183,0.5093453034905889,3.0,,117,TSCp5_32s,0.15500237079184462,0.12745385597077288
TC019_000A,0.07076667,8.521093364197531,0.0747538219855167,0.06838257,0.18704665518667718,1.1,,115,TSCp5_32s,1.6491984521835268,0.045016476693253316
TC019_008A,0.41196667,8.521093364197531,0.0432192968159661,0.04816511,0.36720156837989393,1.4,,81,TSCp5_32s,1.3269230769230769,0.13466038173010683
TC019_009A,0.03573333,8.521093364197531,0.1042187753230065,1.43662851,0.1149245328000146,0.3333333333333333,,2416,TSCp5_32s,0.6312121212121212,0.03494658633456898
TC019_010A,0.08426667,8.521093364197531,0.1878768371360026,0.18552487,0.11220941284020707,0.4,,312,TSCp5_32s,2.050932350390286,0.06618556270344934
TC019_042B,0.0362,8.521093364197531,0.04236048390644692,1.49847013,0.10134300273226604,0.6,,2520,TSCp5_32s,1.6387491179503881,0.03405720532113913
TC019_012B,11.586,8.521093364197531,0.03585345055045907,0.049949,0.5115736022457045,2.8,,84,TSCp5_32s,0.1294573643410852,0.2988688529829306
TC019_019B,6.6726,8.521093364197531,0.040796333622349586,0.10108727,0.41606412083656846,2.3333333333333335,,170,TSCp5_32s,0.6404612159329143,0.2720781901334533
TC019_025B,1.31873333,8.521093364197531,0.07176393721605154,0.07611277,0.34282490377529057,2.466666666666667,,128,TSCp5_32s,1.8697078115682766,0.20067979121073876
TC019_031C,7.06603333,8.521093364197531,0.13798281795193387,0.04875974,0.13258498063757262,0.3333333333333333,,82,TSCp5_32s,2.5063083240014934,0.052818020594207836
TC015_175A,0.0406,8.422952932098765,0.0725041727187014,0.85291485,0.3499457878423764,3.0,,1478,TSCp5_32s,0.0,0.2868759676923022
TC015_173A,0.0305,8.422952932098765,0.08584236240925401,1.03873257,0.2988064018278121,1.0333333333333332,,1800,TSCp5_32s,2.4377650403094275,0.08840348119777938
TC015_055B,0.09533333,8.422952932098765,0.047307869714628144,0.08136738,0.38276732049953377,1.4666666666666666,,141,TSCp5_32s,1.9828691983122364,0.20797046685255913
TC015_076B,0.0538,8.422952932098765,0.05846957185749436,0.48127942,0.35940864469123096,1.9666666666666666,,834,TSCp5_32s,1.3281781781781783,0.45982097292266955
TC015_121C,0.01826667,8.422952932098765,0.20163920911151623,1.02719109,0.34269425959577093,1.3666666666666667,,1780,TSCp5_32s,2.201997396468961,0.30898586714010107
TC015_172C,0.0146,8.422952932098765,0.08894067656618897,0.04847419,0.15698556997668356,0.9666666666666667,,84,TSCp5_32s,2.3309074573225517,0.09189524072745646
TC015_128C,0.01765,8.422952932098765,0.13443207504883548,0.25679777,0.3437907405600157,1.3333333333333333,,445,TSCp5_32s,2.222829861111111,0.3441394012521959
TC015_136C,0.01623333,8.422952932098765,0.12143590008880616,0.09810252,0.34783961487414505,1.2666666666666666,,170,TSCp5_32s,2.1438338240104677,0.3754170186346433
TC015_169D,0.03583333,8.422952932098765,0.10231955950951126,0.79405334,0.37000864858043203,1.3333333333333333,,1376,TSCp5_32s,2.0939134808853117,0.3356995361252636
TC023_030B,14.11426667,9.055753472222221,0.052689974130933674,0.03270805,0.1756987644831026,0.43333333333333335,,42,TSCp5_30s,1.819946452476573,0.07069197904061207
TC023_031B,0.0212,9.055753472222221,0.05036147778100884,1.4243578,0.1269369788737772,1.1666666666666667,,1829,TSCp5_30s,2.3930983847283405,0.050739332541623834
TC023_032B,0.02613333,9.055753472222221,0.019831905111267686,0.87455102,0.16308159771575484,0.9333333333333333,,1123,TSCp5_30s,1.8667091295116771,0.07980330516840321
TC023_057D,0.04156667,9.055753472222221,0.06461089792785879,0.48361192,0.37530217655019366,2.933333333333333,,621,TSCp5_30s,0.05047292889758618,0.17099146411449292
TC023_047D,0.04966667,9.055753472222221,0.12662166438139438,0.13083221,0.34850155425643575,1.3333333333333333,,168,TSCp5_30s,2.1198680636398914,0.18287321229489872
TC023_054D,0.04916667,9.055753472222221,0.0678927529128833,0.73670994,0.31901897582853256,2.2,,946,TSCp5_30s,1.560587002096436,0.21598578811219463
TC027_053A,0.19093333,3.819775077160494,0.10892935108902166,2.25144092,0.3644301851163031,2.0,,1840,TSCp5_30s,1.6322398461908192,0.2804697460059162
TC027_002A,0.63176667,3.819775077160494,0.26165816457979085,0.80391124,0.632296990796597,1.4333333333333333,,657,TSCp5_30s,2.2043784599899343,0.3416275603592174
TC027_003A,0.6217,3.819775077160494,0.12684526535440988,1.02783173,0.2857108124341735,1.1333333333333333,,840,TSCp5_30s,2.186221974137129,0.11459966681728109
TC027_054A,0.16153333,3.819775077160494,0.09149844493116699,2.61852368,0.24913996048832013,1.3,,2140,TSCp5_30s,2.1978545887961856,0.08673508137407115
TC027_012A,1.81066667,3.819775077160494,0.13627913053090676,0.20067191,0.2320500111524396,1.0666666666666667,,164,TSCp5_30s,2.2920792079207923,0.14684390844716474
TC027_058B,0.13051667,3.819775077160494,0.07351771897936253,4.79287722,0.32032303124995515,1.7,,3917,TSCp5_30s,1.9872662425294005,0.1509992152308977
TC027_020B,0.34966667,3.819775077160494,0.12159536903357049,1.08289414,0.30290962532050497,0.9333333333333333,,885,TSCp5_30s,2.2978918806094764,0.09069724650762177
TC027_055C,0.0694,3.819775077160494,0.09295264635761162,2.20494377,0.3696554062342438,1.9333333333333333,,1802,TSCp5_30s,1.7944199706314246,0.2648612452757192
TC027_048D,0.28473333,3.819775077160494,0.0466654977991455,0.55674218,0.46880688071136184,2.9,,455,TSCp5_30s,0.4087224906065482,0.18936844650896562
TC034_017B,0.31181667,7.119695987654321,0.10399733858658072,0.06281587,0.48163814753546247,2.433333333333333,,77,TSCp5_30s,0.6860979462875197,0.21594993219226238
TC034_002B,0.05493333,7.119695987654321,0.1018326928761454,0.02121055,0.31842137896825423,1.9,,26,TSCp5_30s,1.912928759894459,0.2890889671302043
TC034_007D,0.04276667,7.119695987654321,0.17351856807688618,0.17457918,0.3553581334943478,1.6666666666666667,,214,TSCp5_30s,1.9788189987163027,0.43367464528770916
TC034_016D,1.29383333,7.119695987654321,0.11096897985289415,0.02773688,0.37018095260011635,0.7666666666666666,,34,TSCp5_30s,2.4165555555555556,0.3208917089286679
TC009_038D,0.11271667,5.651020447530865,0.022364274639356606,0.21435567,0.5817264890383868,2.5666666666666664,,831,TSCp5_30s,1.3948800862301265,0.17247239202530928
TC009_119E,0.07616667,5.651020447530865,0.14240126698192399,1.44193524,0.33743505787612044,1.3333333333333333,,5590,TSCp5_30s,2.2039982828551974,0.07688814209792554
TC009_065G,0.05243333,5.651020447530865,0.06896910197375948,0.16844074,0.464351499186711,1.9333333333333333,,653,TSCp5_30s,1.684341637010676,0.35621293712469276
TC009_084G,0.0404,5.651020447530865,0.2138151179366097,0.74263534,0.35749569572776685,1.5,,2879,TSCp5_30s,2.055687118765698,0.09029286539407953
TC031_011A,0.0107,6.121557870370371,0.07536080657588771,0.07585001,0.22593737558283752,0.9333333333333333,,99,TSCp5_30s,2.0999559082892416,0.16545632477910388
TC031_033B,0.00976667,6.121557870370371,0.1416871772415668,0.17085406,0.330554536408218,1.0,,223,TSCp5_30s,2.028413654618474,0.18813436648411658
TC032_048D,0.03658333,6.1482322530864195,-0.010060872381276235,0.77542434,0.19137664928260278,0.6333333333333333,,1489,TSCp5_32s,0.0,0.06182777095975164
TC010_013B,0.5747,5.817425540123456,0.027378041447869518,0.06687078,0.5335335344733086,2.5,,302,TSCp5_32s,0.3793144208037821,0.2474367631373975
TC010_017B,0.23986667,5.817425540123456,-0.016680014360277256,0.11602745,0.34300828395054356,2.933333333333333,,524,TSCp5_32s,0.0,0.13386149689875565
TC010_035C,7.70195,5.817425540123456,0.04985337243401759,0.03343539,0.37538902244242467,2.0666666666666664,,151,TSCp5_32s,1.4811098860712975,0.3938415986608078
TC010_060D,8.80206667,5.817425540123456,0.22450819465753324,0.03587108,0.3557096141117467,1.1666666666666667,,162,TSCp5_32s,2.101280968468468,0.4357857423591878
TC010_079D,0.02825,5.817425540123456,0.10568039653282864,0.80089938,0.15770241563936077,0.6333333333333333,,3617,TSCp5_32s,2.409101455541144,0.06714933824110574
TC010_097D,0.0275,5.817425540123456,0.05637713719326586,1.05974687,0.10670914989482701,0.6666666666666666,,4786,TSCp5_32s,1.5047651186736928,0.04227416143419826
TC010_131E,0.05881667,5.817425540123456,0.1402613216454835,0.18931959,0.35583494014585165,1.3333333333333333,,855,TSCp5_32s,2.3108551641071964,0.2703205561983121
TC010_132E,0.01511667,5.817425540123456,0.0868124291350158,0.31686121,0.11523661342572779,0.5666666666666667,,1431,TSCp5_32s,2.1631929090140813,0.04076864490085773
TC010_157G,0.06216667,5.817425540123456,0.0698270061426928,0.26283317,0.11769188908938494,0.6,,1187,TSCp5_32s,0.8511994095214666,0.039012964249400754
TC010_161G,10.6469,5.817425540123456,0.2949612895037441,0.0309997,0.2375222653207878,0.6,,140,TSCp5_32s,1.2599082186065913,0.0747304181148813
TC010_162H,0.01548333,5.817425540123456,0.019296212431342535,0.31553266,0.07813430298789635,2.9,,1425,TSCp5_32s,0.11333139984532087,0.04163701463101527
TC010_164H,3.8693,5.817425540123456,0.07390708843288311,0.04539242,0.46973005525531164,2.1333333333333333,,205,TSCp5_32s,0.5270289855072463,0.15487156202639718
TC014_115A,0.02,7.020479166666666,0.10122703494839727,2.08405782,0.1840575288728767,0.8666666666666667,,4230,TSCp5_32s,2.3783830610683587,0.08335141404647761
TC014_012A,0.01746667,7.020479166666666,0.14524381194135427,2.28063916,0.19294161542807065,0.9666666666666667,,4629,TSCp5_32s,2.170840156816039,0.2398625297911451
TC014_013A,0.0312,7.020479166666666,0.021371543154574915,1.05385335,0.1193500720544165,1.7666666666666666,,2139,TSCp5_32s,1.611061189559264,0.1331816721589784
TC014_038B,0.04521667,7.020479166666666,0.03795206671696737,0.62521735,0.14146986402581707,1.3333333333333333,,1269,TSCp5_32s,2.246632566069906,0.14710627562683076
TC014_045C,0.01923333,7.020479166666666,0.07800065852930921,1.47263566,0.13546500996934227,0.9666666666666667,,2989,TSCp5_32s,1.9668888058462048,0.08406219883387915
TC014_057C,0.01826667,7.020479166666666,0.12330821933697474,2.19244853,0.15016679059143576,1.4333333333333333,,4450,TSCp5_32s,1.7101193595342068,0.05345147214690845
TC014_070C,0.01526667,7.020479166666666,0.10640568715808844,2.66986036,0.19452505982413915,0.9666666666666667,,5419,TSCp5_32s,2.4548523783488245,0.05377134699518157
TC014_094D,0.03563333,7.020479166666666,0.05062086978848812,1.04843382,0.17412287180799382,1.0,,2128,TSCp5_32s,1.6244606435461306,0.28105297437837773
TC014_102D,0.02573333,7.020479166666666,0.06321555696494562,1.49283574,0.15508398432741852,0.8333333333333334,,3030,TSCp5_32s,1.4285622695944862,0.11386000306097846
TC014_108D,0.02658333,7.020479166666666,0.02715854266155535,0.53160718,0.317366901043408,1.6333333333333333,,1079,TSCp5_32s,1.5596781609195403,0.13926237646399547
TC005_016A,0.13403333,3.68625424382716,0.06717471182564401,0.05753281,0.2080734328593472,0.7666666666666666,,236,TSCp5_30s,1.42739898989899,0.0835147852743025
TC005_381A,0.79845,3.68625424382716,0.13499603510785332,0.29619644,0.32922738981479016,0.8666666666666667,,1215,TSCp5_30s,2.1912627169359666,0.19829652829921116
TC005_034A,0.27696667,3.68625424382716,0.04044388470403726,0.02608479,0.22712412797315526,1.6,,107,TSCp5_30s,2.0591836734693874,0.22625068854825583
TC005_038A,1.02976667,3.68625424382716,0.09280659852541945,0.03656746,0.31254221808657284,1.1666666666666667,,150,TSCp5_30s,1.769244935543278,0.23447565273336626
TC005_053B,0.27413333,3.68625424382716,0.03303873590923478,0.02608479,0.32032295566839364,1.8,,107,TSCp5_30s,1.7527777777777775,0.15767514023153145
TC005_068B,0.22383333,3.68625424382716,0.011180400890868598,0.06094577,0.3650138255121774,1.0,,250,TSCp5_30s,1.8477231329690345,0.30079252512108734
TC005_092B,0.1516,3.68625424382716,0.022086207949203247,0.20380265,0.3387517534127186,1.1333333333333333,,836,TSCp5_30s,1.4563543936092955,0.11471625573444608
TC005_110C,0.1169,3.68625424382716,0.19600854744904636,0.24402686,0.3063255644799483,0.9333333333333333,,1001,TSCp5_30s,2.2492881688757977,0.11636835887830585
TC005_113C,0.05428333,3.68625424382716,0.11205210796511549,0.05923929,0.2615411011620663,1.5333333333333332,,243,TSCp5_30s,2.3553639846743293,0.17113336656814912
TC005_373C,0.24891667,3.68625424382716,0.044175926645426994,0.05972685,0.09449594504526146,2.5666666666666664,,245,TSCp5_30s,1.28989898989899,0.04741015625616664
TC005_372D,0.27613333,3.68625424382716,0.17187855269739732,0.02267183,0.33305124730211305,0.9666666666666667,,93,TSCp5_30s,2.175,0.1508442604094777
TC005_148D,0.12066667,3.68625424382716,0.23377765141170442,0.13846879,0.2738026106412065,0.7666666666666666,,568,TSCp5_30s,2.6116630669546437,0.09057736645111353
TC005_374D,0.0514,3.68625424382716,0.0215929203539823,0.13554339,0.1846673405355858,2.966666666666667,,556,TSCp5_30s,0.0,0.07335859077822846
TC025_001A,1.01663333,3.7548063271604937,0.05536262493060628,0.11548247,0.315781709525663,1.8666666666666667,,174,TSCp5_30s,2.078272980501393,0.34511996963921615
TC025_004A,0.05433333,3.7548063271604937,0.05004350550294797,0.26348588,0.30543469902530307,1.8666666666666667,,397,TSCp5_30s,1.5243921568627452,0.32611153480237787
TC025_011A,0.088,3.7548063271604937,0.12545793280521028,0.07632462,0.29181135461660024,1.4666666666666666,,115,TSCp5_30s,1.9952546296296294,0.12510492776255
TC025_024B,0.13335,3.7548063271604937,0.0928088574122376,0.98558319,0.2705104079918982,1.3666666666666667,,1485,TSCp5_30s,2.124150855001171,0.16872135480797112
TC025_058B,0.09683333,3.7548063271604937,0.14451523901937172,0.49511452,0.37060411829450546,1.0666666666666667,,746,TSCp5_30s,2.315974104185486,0.09630747199952576
TC025_027B,0.15523333,3.7548063271604937,0.15005597504467855,0.15795879,0.3056658424798551,1.1333333333333333,,238,TSCp5_30s,2.2328205128205125,0.10332773686832321
TC025_048D,0.31823333,3.7548063271604937,0.1626785936579883,0.36104866,0.2707941000651504,1.1,,544,TSCp5_30s,2.236331569664903,0.08378948912238447
TC029_003B,0.04763333,4.357079475308642,0.02733514057687453,1.03784205,0.19457758224926708,0.5666666666666667,,679,TSCp5_32s,1.669502407704655,0.08003951515039537
TC029_005C,0.23985,4.357079475308642,0.04355796810226653,0.23385837,0.0915939785321657,0.7,,153,TSCp5_32s,0.7929277566539923,0.030323644980353254
TC016_005C,0.0207,8.424470293209875,0.06467311628234956,3.84490601,0.10181598456383321,0.5666666666666667,,2879,TSCp5_32s,1.858328589320278,0.04326500435538397
TC016_008C,0.3883,8.424470293209875,0.1616926775167554,0.39530816,0.3269420983690014,1.3,,296,TSCp5_32s,2.0425266362252663,0.13744966108739334
TC016_027D,0.084,8.424470293209875,0.20075388286822174,1.2820805,0.3174278231183294,0.5333333333333333,,960,TSCp5_32s,1.629082774049217,0.13006509420653814
TC017_000A,12.76416667,8.425413580246914,0.14835961098597944,0.0599481,0.3665917328872162,1.2,,76,TSCp5_30s,1.2227642276422765,0.18139437391008476
TC017_004A,0.04688333,8.425413580246914,0.08044018598396385,0.22638297,0.17092316412053066,1.1,,287,TSCp5_30s,2.3605110336817656,0.09095715954282682
TC017_020B,0.25946667,8.425413580246914,0.0526546859610941,3.56375702,0.22030060913236582,0.5333333333333333,,4518,TSCp5_30s,0.8736476032879954,0.07326862009491819
TC017_026B,0.06176667,8.425413580246914,0.009028121154217125,0.77774777,0.42198108066156503,2.966666666666667,,986,TSCp5_30s,0.0,0.10234879361595119
TC017_028B,0.02373333,8.425413580246914,0.05489237633222477,0.4393565,0.24645926701257417,1.3333333333333333,,557,TSCp5_30s,2.009704641350211,0.3017344029965538
TC017_030B,0.23193333,8.425413580246914,0.022351767566556532,0.11674104,0.5986971577700854,2.6333333333333333,,148,TSCp5_30s,0.6781609195402302,0.16899869977564302
TC017_049C,0.89416667,8.425413580246914,0.08120698312700023,0.29027503,0.28878772579360545,0.9,,368,TSCp5_30s,2.3203703703703704,0.2733065542762513
TC017_039C,0.11978333,8.425413580246914,0.2458461246320853,0.13015049,0.2791959731214,1.0,,165,TSCp5_30s,2.1862587224906065,0.22523812025357964
TC011_000A,40.226,5.883484953703704,0.046907109299356216,0.0066828,0.23984049055341453,1.5,,30,TSCp5_30s,0.5520729684908792,0.09989375646949554
TC011_012C,0.07916667,5.883484953703704,0.17257927200716858,0.04232437,0.38303135771874064,2.3,,190,TSCp5_30s,0.92737686139748,0.2544399055265544
TC011_014F,0.05243333,5.883484953703704,0.07944753174896473,0.01559319,0.404810982437346,2.1666666666666665,,70,TSCp5_30s,0.7454780361757106,0.3680650971728627
TC011_021G,0.0435,5.883484953703704,0.021339151640957354,0.08086183,0.3214836828352169,2.966666666666667,,363,TSCp5_30s,0.06276422764227618,0.18808837405942333
TC011_026G,0.05118333,5.883484953703704,0.04530784331433625,0.07774319,0.5205827848570936,1.4,,349,TSCp5_30s,1.2323312236286919,0.4401544813808518
TC011_027G,0.04333333,5.883484953703704,0.03991490604481349,0.10670197,0.3512780728489848,2.7333333333333334,,479,TSCp5_30s,0.43291090629800333,0.3570608347786037
TC011_029H,0.26833333,5.883484953703704,0.15378516590245384,0.02027115,0.5582519494896061,2.533333333333333,,91,TSCp5_30s,0.3301994301994303,0.37324607537405163
TC000_000A,31.56536667,5.882765046296297,0.39105250672149294,0.0057937,0.12230168246765748,0.16666666666666666,,22,TSCp5_32s,1.4493298368298368,0.30072907341092214
TC000_001B,0.02378333,5.882765046296297,0.18840478329381616,0.04819301,0.07413066580847337,0.06666666666666667,,183,TSCp5_32s,2.5819511285207986,0.05081707042071575
TC000_004D,34.71148333,5.882765046296297,0.4951202711642467,0.01606434,0.19364933679449503,0.13333333333333333,,61,TSCp5_32s,0.5421178908337422,0.16416220608176743
TC022_000A,0.0431,8.693157407407407,0.10735152667134472,2.04995761,0.2745943948340634,1.1,,2352,TSCp5_32s,2.368833403567917,0.08106476245776643
TC022_005C,0.08846667,8.693157407407407,0.16006848566472906,1.10080632,0.37834103779212874,1.0666666666666667,,1263,TSCp5_32s,2.0834044570886676,0.381639618617542
TC022_006C,0.0138,8.693157407407407,0.05832011563370124,4.91048518,0.13578496991032504,0.5333333333333333,,5634,TSCp5_32s,0.9164342114973066,0.05101377692868259
TC022_008C,5.6611,8.693157407407407,0.1361538137869071,0.12376445,0.28730599564274445,1.2,,142,TSCp5_32s,2.3772093023255816,0.06107508677481069
TC003_002B,0.09806667,5.887439814814814,0.20576970713210496,0.03903478,0.10704047363728672,0.2,,445,TSCp5_32s,1.3509257364023743,0.0937892392774342
TC003_004B,0.10186667,5.887439814814814,0.1663281603718448,0.07403451,0.10760881101559339,0.23333333333333334,,844,TSCp5_32s,1.2462270425129176,0.07477152257674623
TC008_389A,0.068,3.7558449074074076,0.06586464869423599,1.05662115,0.13828959941789118,0.8333333333333334,,4695,TSCp5_32s,2.5762032434042714,0.05747787194558877
TC008_032A,0.4519,3.7558449074074076,0.011154022253776085,0.17779142,0.304898433455868,1.1,,790,TSCp5_32s,1.7974872605868915,0.18478392303010266
TC008_390A,0.08641667,3.7558449074074076,0.03282288913643458,0.97650249,0.3942631195449586,1.8,,4339,TSCp5_32s,1.6832369305348975,0.2312183917991959
TC008_061A,0.14976667,3.7558449074074076,0.011521901997753287,0.18949414,0.10314865348031266,0.7,,842,TSCp5_32s,1.519691007141816,0.0450459170183206
TC008_074B,0.04873333,3.7558449074074076,0.01880512215375202,0.30832183,0.2218863392229937,2.4,,1370,TSCp5_32s,0.8283429302623162,0.07580570162948135
TC008_075B,1.26625,3.7558449074074076,0.04852646736474529,0.10599969,0.2996294117992207,1.3333333333333333,,471,TSCp5_32s,2.2272398190045246,0.21367598900769616
TC008_090B,0.0486,3.7558449074074076,0.012894564803495042,1.14461665,0.27443206498795025,2.2,,5086,TSCp5_32s,1.4859803232607167,0.15174106316371644
TC008_215D,0.07045,3.7558449074074076,0.2020581139440656,0.45573117,0.383584333977426,1.2666666666666666,,2025,TSCp5_32s,2.1616025506760685,0.2403368998696185
TC008_319F,0.1591,3.7558449074074076,0.14049654701517544,0.17486574,0.3693532429524723,1.1333333333333333,,777,TSCp5_32s,1.9968523002421306,0.49745553716078916
TC008_330F,0.10806667,3.7558449074074076,0.007972478362446316,0.23337937,0.12798254781208768,0.43333333333333335,,1037,TSCp5_32s,2.2824664862077855,0.04068565820463471
TC008_335G,0.16143333,3.7558449074074076,0.053517848196040246,0.07629277,0.3235249803035316,2.466666666666667,,339,TSCp5_32s,0.19592996816734853,0.16411609623315754
TC008_336G,0.08045,3.7558449074074076,0.04661306323827721,0.13345609,0.16442827480103805,0.6,,593,TSCp5_32s,1.1526119402985073,0.07116530057023596
TC008_340G,0.0732,3.7558449074074076,0.13105995813003563,0.3103473,0.20755091724943567,0.7,,1379,TSCp5_32s,1.48191917721826,0.04545347667097275
TC002_001D,0.02536667,5.88557175925926,0.6123602305911546,0.05619977,0.1264420270808247,0.1,,220,TSCp5_32s,2.6511038150447166,0.16802372968511084
TC002_004D,0.04053333,5.88557175925926,0.09854787654348249,0.15991388,0.1306983663047023,0.36666666666666664,,626,TSCp5_32s,1.2000725794745246,0.042259568302775344
TC002_005D,0.02071667,5.88557175925926,0.2983289609524789,0.08608783,0.09967725138701553,0.2,,337,TSCp5_32s,1.3863610131452386,0.08888061533930434
TC030_111A,11.2011,5.989975308641975,0.09852710056556774,0.06022974,0.2511328680418579,0.6666666666666666,,120,TSCp5_30s,1.7452889268431537,0.07726046445210552
TC030_118A,0.51826667,5.989975308641975,0.0312348682074273,0.2007658,0.40220139215344114,2.0,,400,TSCp5_30s,1.6476190476190478,0.09953152978816154
TC030_112A,0.08376667,5.989975308641975,0.03882664631575309,0.67708266,0.32971324789454737,2.1,,1349,TSCp5_30s,1.156163248394448,0.20470701648166123
TC030_117B,11.66168333,5.989975308641975,0.026772218387147183,0.07679292,0.2757768116083139,1.5333333333333332,,153,TSCp5_30s,1.8162475822050292,0.23695416782215067
TC030_105D,13.63508333,5.989975308641975,0.03581264564836392,0.05671634,0.38938527725558836,1.7,,113,TSCp5_30s,0.8088397790055248,0.17783282204510464
TC028_003B,0.08146667,3.8227959104938267,0.06513223040695568,0.64925321,0.23786699061824498,1.8333333333333333,,1200,TSCp5_32s,1.9448561677230618,0.0618191630454452
TC028_005C,0.0812,3.8227959104938267,0.059224884598099554,0.92248061,0.289433173474517,1.1333333333333333,,1705,TSCp5_32s,2.205156923076923,0.19592867612834558
TC028_015C,0.05708333,3.8227959104938267,0.07262308166957505,0.54591374,0.3812277292873607,1.8,,1009,TSCp5_32s,1.7354882705946537,0.4819356424770483
TC028_009C,0.04125,3.8227959104938267,0.08589949747733017,0.41281684,0.3439280112600284,2.0666666666666664,,763,TSCp5_32s,1.558322315263699,0.37450813612230505
TC028_011D,0.18685,3.8227959104938267,0.05992154478512132,0.40199595,0.3105843757347479,1.8,,743,TSCp5_32s,1.3087660896582336,0.2292155616886987
TC018_008A,0.0236,8.52002237654321,0.14497997451301656,0.13967393,0.28730099941211074,1.3333333333333333,,260,TSCp5_30s,2.4683471601786855,0.430368925764467
TC018_048B,0.05463333,8.52002237654321,0.15732215983049722,0.60596996,0.3306039810985183,1.3333333333333333,,1128,TSCp5_30s,2.361725955204216,0.23312431057380417
TC018_049C,0.12393333,8.52002237654321,0.11614106961731491,0.12140888,0.3207200735108643,0.9333333333333333,,226,TSCp5_30s,2.0812757201646086,0.3073920172499877
TC018_050C,0.15906667,8.52002237654321,0.5505362833332071,0.11388797,0.27869952987681235,0.8333333333333334,,212,TSCp5_30s,2.624810318664643,0.14350509046948592
TC018_032C,0.03603333,8.52002237654321,0.10152261063442636,0.91110378,0.32904727596962335,1.3333333333333333,,1696,TSCp5_30s,2.2629747675962815,0.5001365596060794
TC018_051D,0.05446667,8.52002237654321,0.01577283250096141,0.45340306,0.07506198585392762,1.2666666666666666,,844,TSCp5_30s,1.0776251526251528,0.038541089114833935
TC006_080A,0.01553333,3.689852237654321,0.09162080301847107,2.38424067,0.1870863498091237,0.7,,5180,TSCp5_32s,2.2202744661398217,0.13308902190918037
TC006_084C,0.02266667,3.689852237654321,0.12214379755198931,1.53318642,0.171327526357481,0.7,,3331,TSCp5_32s,1.8602243203852722,0.09549532398326997
TC006_082C,0.19696667,3.689852237654321,0.11396707229853968,0.19607848,0.15211859540187167,0.5333333333333333,,426,TSCp5_32s,1.9766666666666666,0.09210077789577559
TC020_018C,0.0691,8.690661651234567,0.07628088220301545,0.26863896,0.1976753167599701,0.36666666666666664,,172,TSCp5_32s,1.783491461100569,0.07043169718411472
TC012_428A,0.0971,6.719706790123457,0.1120535304789939,0.43885241,0.10155535500257121,0.4,,852,TSCp5_32s,1.9632232704402517,0.0440635879332324
TC012_416A,0.32131667,6.719706790123457,0.04687334091025287,0.2230318,0.11298572275720341,0.3,,433,TSCp5_32s,1.9638459954704548,0.0514599342538259
TC012_046A,2.06998333,6.719706790123457,0.04443887271586235,0.13855786,0.28617657340526154,2.8666666666666667,,269,TSCp5_32s,0.3147530468248874,0.13555489225631898
TC012_423B,0.15766667,6.719706790123457,0.12317373227876795,0.20397365,0.33736458994724833,1.6666666666666667,,396,TSCp5_32s,1.708958837772397,0.2070231333895047
TC012_137C,0.0587,6.719706790123457,0.026536013601550872,0.54083923,0.220984915349306,3.0,,1050,TSCp5_32s,0.0,0.17336976493731746
TC012_430C,0.01893333,6.719706790123457,0.0010379729292016773,1.15585071,0.11238305478571532,1.7,,2244,TSCp5_32s,2.488053863417762,0.03789229123372664
TC012_154C,0.05325,6.719706790123457,0.08657930124084011,0.70515134,0.5083136303548649,1.8,,1369,TSCp5_32s,1.724155064155064,0.20320925731514544
TC012_431D,0.03446667,6.719706790123457,0.33706880643022646,0.98999334,0.20629192745881064,0.4,,1922,TSCp5_32s,1.7864387965506565,0.06472943682923453
TC012_432D,0.05726667,6.719706790123457,0.04408817125599707,0.67682167,0.449192237768631,2.3666666666666667,,1314,TSCp5_32s,1.2552617936754795,0.2156660382860127
TC012_284E,0.6093,6.719706790123457,0.029009622215192227,0.14885956,0.3191564195157362,2.5666666666666664,,289,TSCp5_32s,0.7827956989247312,0.10222104617846478
TC012_308F,0.0167,6.719706790123457,0.20385104348328914,1.36755063,0.14206582976359647,0.4,,2655,TSCp5_32s,2.6339980457589927,0.04871208080504464
TC012_309F,0.01693333,6.719706790123457,0.08535660824584607,1.54680021,0.11111074922187426,0.3333333333333333,,3003,TSCp5_32s,2.4361380798274004,0.03901317105273184
TC012_317F,0.21866667,6.719706790123457,0.07589141276943832,0.16688754,0.3346905801835852,2.0,,324,TSCp5_32s,1.4489265536723162,0.14467610643117085
TC012_364G,0.02905,6.719706790123457,0.14844849561113774,1.19860276,0.13084141515659078,0.3,,2327,TSCp5_32s,0.788673170262867,0.05547640150062444
TC035_053A,0.33426667,4.523695601851852,0.10925954856590694,0.07489279,0.25541662377370217,0.5666666666666667,,95,TSCp5_32s,2.3806285419886657,0.10468327422167102
TC035_049B,0.11766667,4.523695601851852,0.1007424217116593,0.40047931,0.3428511762269544,0.5333333333333333,,508,TSCp5_32s,1.269752078961685,0.10458358564104439
TC035_024B,15.52696667,4.523695601851852,0.019992850386898336,0.07804617,0.3715492173312777,1.6333333333333333,,99,TSCp5_32s,2.2660035366931917,0.23080644276447443
TC033_020B,0.0105,6.388572916666666,0.13610955370068817,5.33656908,0.22847975086213168,0.5,,5041,TSCp5_30s,1.0246897056865094,0.0863172845196587
TC033_023B,0.04636667,6.388572916666666,0.259722393924967,0.41710141,0.3329435033951846,1.3,,394,TSCp5_30s,1.5275254610514726,0.10034894355240856
TC033_021B,0.03186667,6.388572916666666,0.08557210378989125,0.17573308,0.31534453328663475,0.9333333333333333,,166,TSCp5_30s,1.3882297551789076,0.12672354111803089
TC033_104C,0.09331667,6.388572916666666,0.13337865984610575,0.18314351,0.3093393972748061,1.2666666666666666,,173,TSCp5_30s,1.8602491506228764,0.1523962640264088
TC033_044C,0.0137,6.388572916666666,0.20296927448526395,4.59870186,0.23849519892131307,0.36666666666666664,,4344,TSCp5_30s,0.9167486526080936,0.06490046348553259
TC033_045C,18.53991667,6.388572916666666,0.1651357267131873,0.03916942,0.29490681145878855,0.9666666666666667,,37,TSCp5_30s,2.0402679275019704,0.12347907244391815
TC033_107C,0.05518333,6.388572916666666,0.08784203990926986,0.44991904,0.23411171836577319,0.43333333333333335,,425,TSCp5_30s,2.4799249303789805,0.06589307203004727
TC033_054C,0.72446667,6.388572916666666,0.2614336863373032,0.07198705,0.281111769711197,0.4666666666666667,,68,TSCp5_30s,1.270960559796438,0.17454220731998144
TC033_057C,16.7386,6.388572916666666,0.16945932610984416,0.06669388,0.2846199558796319,1.4333333333333333,,63,TSCp5_30s,1.719148936170213,0.08621835379974835
TC033_058C,22.20343333,6.388572916666666,0.1901839800031527,0.03599352,0.34229105609963073,1.1666666666666667,,34,TSCp5_30s,1.391020910209102,0.24929834585564117
TC033_061D,0.0111,6.388572916666666,0.1879974518650187,2.31417179,0.4100618709571594,1.0666666666666667,,2186,TSCp5_30s,2.5598857736240914,0.16367448226217385
TC033_069D,0.43665,6.388572916666666,0.12654552933638152,0.09845287,0.3938109543413918,1.3666666666666667,,93,TSCp5_30s,1.8739520958083835,0.24367675923340545
TC033_109E,0.01516667,6.388572916666666,0.20432161425981227,1.19413805,0.3277974840189103,0.7333333333333333,,1128,TSCp5_30s,1.5619607843137255,0.21560494628879046
TC033_105E,17.21225,6.388572916666666,0.12239484273959438,0.05822482,0.3341306812190235,1.6,,55,TSCp5_30s,2.2313036690085872,0.19538896573708797
TC021_006C,0.02783333,8.691890432098766,0.10593420514726685,3.53265716,0.42278093411261275,1.5333333333333332,,4310,TSCp5_30s,1.9432345853171105,0.4720609023230978
AP008_000C,0.12963333,2.058365354938272,0.3576761337520212,0.66985512,0.11616104482868721,0.3,anterior,550,AP_drug,1.6480952738748214,0.1310850522340696
AP008_001D,0.58763333,2.058365354938272,0.3929244942754975,0.11448433,0.10919815406755523,0.26666666666666666,anterior,94,AP_drug,1.3688977688977688,0.1820416744615308
AP008_005D,0.48236667,2.058365354938272,0.46770088181719477,0.66132969,0.21847929306826686,0.3333333333333333,anterior,543,AP_drug,1.601795476892822,0.16221418953681568
AP008_007D,0.44316667,2.058365354938272,0.40592923887069576,0.44819397,0.1261128132803769,0.4,anterior,368,AP_drug,1.2791181996242558,0.118449114939227
AP015_064H,0.09396667,4.486005401234568,0.07246609962184894,0.82425958,0.3402733483400406,1.0,posterior,1514,AP_drug,2.1082540385040938,0.36072298233271666
AP015_071H,0.07753333,4.486005401234568,0.009814731316241719,0.45731707,0.28260739839090426,2.966666666666667,posterior,840,AP_drug,0.0,0.13783010163396034
AP015_080H,0.08181667,4.486005401234568,0.1251415719686082,1.65233014,0.3223811638936695,1.6,posterior,3035,AP_drug,1.9995000328925727,0.20868948333020326
AP015_082H,0.20058333,4.486005401234568,0.16909708447005184,0.38817509,0.3154624769423319,1.3,posterior,713,AP_drug,2.1276451077943612,0.33745565684987777
AP011_035A,0.26246667,2.552876157407407,0.1117572857388632,0.16616431,0.2735899224399584,0.9666666666666667,anterior,690,AP_ctrl,2.083501231251399,0.2939154787740456
AP011_042A,0.16723333,2.552876157407407,0.17538541224525533,0.42817412,0.271042615118309,0.9,anterior,1778,AP_ctrl,2.4116651366542654,0.09436212195135904
AP011_136A,0.09006667,2.552876157407407,0.17356313136498028,0.43202721,0.3019964087062779,1.0666666666666667,anterior,1794,AP_ctrl,2.1752417350625484,0.34645139633911415
AP011_052A,0.0997,2.552876157407407,0.10324318009402277,0.15219688,0.30133137151282674,1.3,anterior,632,AP_ctrl,2.240909826776752,0.2812976160111241
AP011_053B,0.16391667,2.552876157407407,0.06982720402799414,0.37687992,0.31304163715778655,1.3333333333333333,anterior,1565,AP_ctrl,2.17619461337967,0.2257113733977351
AP011_057B,0.10341667,2.552876157407407,0.15272270488293968,0.47031724,0.27396814139849585,1.1333333333333333,anterior,1953,AP_ctrl,2.4010478661173003,0.12132903412584047
AP011_138B,0.09206667,2.552876157407407,0.0939763477122444,0.386031,0.42510277047862505,1.3666666666666667,anterior,1603,AP_ctrl,1.4364336818932306,0.2470986764216607
AP011_067B,0.0968,2.552876157407407,0.10712307810313028,0.21360542,0.30151988377971933,1.3,anterior,887,AP_ctrl,2.3266484903564573,0.3354930671031243
AP011_139D,0.15075,2.552876157407407,0.07159024223619612,0.7491843,0.23930934936981577,1.3333333333333333,anterior,3111,AP_ctrl,1.908783875800082,0.2583023590503892
AP011_127E,0.06645,2.552876157407407,0.19227368805245837,0.10764557,0.4263272955591963,1.3,posterior,447,AP_ctrl,2.091717479674797,0.5260319809064242
AP011_137E,0.05246667,2.552876157407407,0.029188252530418974,0.61239977,0.24897330156601355,1.9666666666666666,posterior,2543,AP_ctrl,1.2224960254372021,0.1160201326846933
AP011_129F,0.11283333,2.552876157407407,0.09031233592234715,0.24611583,0.4305891718619084,1.3666666666666667,posterior,1022,AP_ctrl,2.0764256619144605,0.2758666369724222
AP011_130F,0.3456,2.552876157407407,0.08797178130511464,0.10451494,0.35620273091202537,1.3333333333333333,posterior,434,AP_ctrl,2.1074842200180344,0.25821395368534183
AP011_107F,0.06785,2.552876157407407,0.1525048187585381,0.10812721,0.3869172134727504,1.2333333333333334,posterior,449,AP_ctrl,1.9475348338692389,0.387827756092621
AP011_110G,0.19496667,2.552876157407407,0.097293220481019,0.34003479,0.2700898246108139,1.2666666666666666,posterior,1412,AP_ctrl,2.2380210362290613,0.28150772769968074
AP016_002B,0.0864,4.617142361111111,0.16377071376743618,0.45559687,0.3579737999831574,1.3333333333333333,anterior,1167,AP_ctrl,2.435803447592629,0.23973522236611514
AP016_042C,0.0174,4.617142361111111,0.02225189538762417,0.31817605,0.20650462470188297,0.9666666666666667,anterior,815,AP_ctrl,1.039701173959445,0.08726721701358689
AP016_010C,0.02576667,4.617142361111111,0.03900653876952115,0.6191745,0.33773448053652805,0.9666666666666667,anterior,1586,AP_ctrl,2.2059216384683884,0.449111666211549
AP016_043C,0.04811667,4.617142361111111,0.07105958615029898,0.31661445,0.21044511601395943,1.6,anterior,811,AP_ctrl,2.038112973308504,0.10755950882995577
AP016_017D,8.02696667,4.617142361111111,0.05680520484336359,0.07768961,0.43698280537769185,1.3333333333333333,anterior,199,AP_ctrl,0.837777777777778,0.3364658452064868
AP016_036G,0.23318333,4.617142361111111,0.10160463460572278,0.17763203,0.25180600606161124,0.7,posterior,455,AP_ctrl,2.499339388934765,0.07938793594985848
AP016_037G,0.08991667,4.617142361111111,0.19195583400618937,1.08570257,0.37182556555469926,1.4666666666666666,posterior,2781,AP_ctrl,2.2585841924398626,0.09940208343263042
AP009_000A,9.8718,2.155185185185185,0.10620218175078282,0.06043814,0.35204854625230125,1.0,anterior,118,AP_ctrl,2.3864456079115763,0.43773055651205417
AP009_001A,0.1998,2.155185185185185,0.10271594084586642,0.12907128,0.6138049635656337,1.4,anterior,252,AP_ctrl,1.9294153104279685,0.3678268298652149
AP009_003B,0.38305,2.155185185185185,0.03680378944362243,0.09885221,0.28003867789467995,2.533333333333333,anterior,193,AP_ctrl,1.9890205371248024,0.5463492765010154
AP009_004B,0.29716667,2.155185185185185,0.05397698518214673,0.17670472,0.2817961312509477,0.5666666666666667,anterior,345,AP_ctrl,0.7178768577494694,0.29434988401713413
AP009_037B,0.19863333,2.155185185185185,0.05555102139581124,0.40411602,0.22063048688712877,1.3,anterior,789,AP_ctrl,2.1675650118203307,0.2238178232286714
AP009_007B,0.50146667,2.155185185185185,0.16300255202623953,0.08912064,0.3507510775363561,0.8,anterior,174,AP_ctrl,1.7683100318861908,0.15550109435604492
AP009_010E,0.13553333,2.155185185185185,0.017366139405155117,0.62538107,0.2437145998557559,2.0666666666666664,posterior,1221,AP_ctrl,1.5572566371681413,0.31095295163022907
AP009_011E,0.30393333,2.155185185185185,0.0034785945327924068,0.95983957,0.3898319060979373,2.8666666666666667,posterior,1874,AP_ctrl,0.07930174563591,0.5860888906442502
AP009_038E,0.13123333,2.155185185185185,0.05375462146744605,0.94754707,0.2334668683356237,1.1666666666666667,posterior,1850,AP_ctrl,2.0786244401791425,0.09954108974479184
AP009_043H,0.1653,2.155185185185185,0.05717879166158265,0.43535947,0.2032895354736913,0.9333333333333333,posterior,850,AP_ctrl,1.867045222017598,0.11640371998277411
AP009_044H,0.1284,2.155185185185185,0.006561330180384319,0.21819192,0.4022777633192137,3.033333333333333,posterior,426,AP_ctrl,0.0,0.10809437380591996
AP009_032H,0.13843333,2.155185185185185,0.012707622534245582,0.51782167,0.235002054433919,2.033333333333333,posterior,1011,AP_ctrl,1.3935177651206943,0.15746281552686578
AP009_045H,0.15263333,2.155185185185185,-0.0018266388040296835,0.40667696,0.3280650918664191,2.033333333333333,posterior,794,AP_ctrl,0.0,0.3009642979748515
AP010_000A,0.24053333,2.3498198302469135,0.49333470610047525,0.39897847,0.25776058953651815,0.6666666666666666,anterior,875,AP_drug,2.5659076490846475,0.4176017150306175
AP010_201A,0.4343,2.3498198302469135,0.4315551600405702,0.32100668,0.24124932814112676,0.6333333333333333,anterior,704,AP_drug,2.4909481831864113,0.21732234661667674
AP010_011B,0.161,2.3498198302469135,0.3231440228273929,0.41904139,0.1970112667493031,0.7666666666666666,anterior,919,AP_drug,2.727431160683165,0.24855843902052113
AP010_013B,0.26493333,2.3498198302469135,0.4939706854180143,0.31371107,0.28615961421538716,0.5333333333333333,anterior,688,AP_drug,2.702255399721845,0.36686633904870075
AP010_015C,0.11875,2.3498198302469135,0.4823352839334498,1.38023752,0.22896837468892575,0.6666666666666666,anterior,3027,AP_drug,2.747457130848315,0.6955874179183328
AP010_022C,0.10401667,2.3498198302469135,0.45514782466162024,1.48693576,0.22841055815127853,0.6,anterior,3261,AP_drug,2.720588122004501,0.49306176847622535
AP010_024C,0.43605,2.3498198302469135,0.37206935175913086,0.22935562,0.32008250082874073,0.6,anterior,503,AP_drug,2.701206000170459,0.4094438025630308
AP010_183C,0.54613333,2.3498198302469135,0.4485499752708961,0.17509455,0.3052210039816323,0.7333333333333333,anterior,384,AP_drug,2.5983072706754795,0.5010956654695399
AP010_025C,0.18988333,2.3498198302469135,0.23441280768280343,0.38894701,0.27450608800807996,0.7666666666666666,anterior,853,AP_drug,2.5974841350306037,0.12218618908069298
AP010_202C,0.16601667,2.3498198302469135,0.3692972245207074,0.58775228,0.3106516257159017,0.8666666666666667,anterior,1289,AP_drug,2.4941043943317966,0.14560269242363308
AP010_031D,0.11943333,2.3498198302469135,0.361567446047715,0.57361704,0.21627231953871492,0.7666666666666666,anterior,1258,AP_drug,2.681775897745793,0.2564570272254246
AP010_203D,0.03825,2.3498198302469135,0.46276586048160345,1.47416845,0.28579205883083814,0.6333333333333333,anterior,3233,AP_drug,2.484162261176034,0.21270608329858925
AP010_045D,0.20355,2.3498198302469135,0.45527196142531545,0.24303488,0.2733594060820373,0.5333333333333333,anterior,533,AP_drug,2.7341789992952785,0.3966356840887928
AP010_058D,0.11961667,2.3498198302469135,0.27325342766637195,0.3169029,0.1813235838865848,0.7333333333333333,anterior,695,AP_drug,2.6160682591633693,0.11733137803438656
AP010_204E,0.28293333,2.3498198302469135,0.6138203554069773,0.23619525,0.27737934128653285,0.7,posterior,518,AP_drug,2.511430446194226,0.3680523269698315
AP010_066E,0.0961,2.3498198302469135,0.332516360281264,1.69166871,0.20421373066155202,0.6,posterior,3710,AP_drug,2.7029077212806025,0.17919336054786375
AP010_206E,0.0629,2.3498198302469135,0.37918460132177406,1.65245483,0.20615572304542623,0.5333333333333333,posterior,3624,AP_drug,2.717655303105075,0.23509549728932388
AP010_075E,0.1807,2.3498198302469135,0.3809148205918398,0.79750096,0.21251047983159002,0.5333333333333333,posterior,1749,AP_drug,2.5674636856088053,0.20067512845819546
AP010_097F,0.13343333,2.3498198302469135,0.4655216237159864,0.91605457,0.3005730537346769,0.7666666666666666,posterior,2009,AP_drug,2.688694856637311,0.38643436258931296
AP010_107F,0.35646667,2.3498198302469135,0.5695612393066992,0.33103814,0.20036692372302126,0.5,posterior,726,AP_drug,1.804339067511329,0.12462733957151807
AP010_208F,1.22593333,2.3498198302469135,0.45860692116040314,0.19059771,0.4119109282775355,0.9333333333333333,posterior,418,AP_drug,2.6459313652030567,0.3138708690180321
AP010_137F,0.17853333,2.3498198302469135,0.37351056790029064,0.73503233,0.2173474142518927,0.5666666666666667,posterior,1612,AP_drug,2.727440708799353,0.2648815436462364
AP010_136F,0.11953333,2.3498198302469135,0.42113334268537267,0.64246933,0.2098208783918449,0.7333333333333333,posterior,1409,AP_drug,2.676459520110478,0.21283387133195905
AP010_145G,0.08788333,2.3498198302469135,0.48884740967956686,1.5307094,0.3286642215004958,0.6333333333333333,posterior,3357,AP_drug,2.7073296433526943,0.25100756167258637
AP010_211G,0.06476667,2.3498198302469135,0.3737582256878357,1.51338233,0.22040217504081833,0.5666666666666667,posterior,3319,AP_drug,2.699855274719595,0.21313851591636562
AP010_213G,0.04073333,2.3498198302469135,0.3788748652332397,1.22201405,0.23093744259284227,0.5333333333333333,posterior,2680,AP_drug,2.741598053941267,0.16968503054934486
